parent_id,child_id
750,542
750,543
750,544
751,545
751,546
751,547
752,548
752,549
752,550
753,551
753,552
753,553
754,3
754,4
754,5
755,6
755,7
755,8
756,9
756,10
756,11
757,12
757,13
757,14
758,15
758,16
758,17
759,21
759,22
759,23
760,24
760,25
760,26
761,27
761,28
761,29
762,30
762,31
762,32
763,33
763,34
763,35
764,36
764,37
764,38
765,39
765,40
765,41
766,42
766,43
766,44
767,45
767,46
767,47
768,48
768,49
768,50
769,51
769,52
769,53
770,54
770,55
770,56
771,57
771,58
771,59
772,60
772,61
772,62
773,63
773,64
773,65
774,66
774,67
774,68
775,69
775,70
775,71
776,72
776,73
776,74
777,75
777,76
777,77
778,78
778,79
778,80
779,81
779,82
779,83
780,556
780,557
780,558
780,559
780,560
780,561
780,562
780,563
780,564
780,565
781,84
781,85
781,86
781,912
782,87
782,88
782,89
782,90
783,91
783,92
783,93
783,94
784,95
784,96
784,97
784,98
785,99
785,100
785,101
785,102
785,103
786,104
786,105
786,106
786,107
787,108
787,109
787,110
787,111
788,112
788,113
788,114
788,115
789,116
789,117
789,118
789,119
790,120
791,121
791,122
791,123
791,124
792,125
792,126
792,127
792,128
793,129
793,130
793,131
793,132
794,133
794,134
794,135
794,136
795,137
795,138
795,139
795,140
796,141
796,142
796,143
796,144
797,145
797,146
797,147
797,148
798,149
798,150
798,151
798,152
799,153
799,154
799,155
799,156
800,157
800,158
800,159
801,160
801,161
801,162
801,163
802,164
802,165
802,166
802,167
803,168
803,169
803,170
803,171
804,172
804,173
805,174
805,175
805,176
805,177
806,178
806,179
806,180
806,181
807,182
807,183
808,184
808,185
808,186
808,187
809,188
809,189
809,190
809,191
810,192
810,193
810,194
810,195
811,196
811,197
811,198
811,199
812,200
812,201
812,202
812,203
812,204
813,205
813,206
813,207
813,208
813,209
814,210
814,211
814,212
814,213
815,214
815,215
815,216
815,217
816,218
816,219
816,220
816,221
817,222
817,223
817,224
817,225
818,226
818,227
818,228
818,229
819,230
819,231
819,232
819,233
820,234
820,235
820,236
820,237
820,238
820,239
821,240
821,241
821,242
821,243
822,244
822,245
822,246
822,247
823,248
823,249
823,250
823,251
824,252
824,253
824,254
824,255
825,256
825,257
825,258
825,259
826,260
826,261
826,262
826,263
827,264
827,265
827,266
827,267
828,268
828,269
828,270
828,271
829,272
829,273
829,274
829,275
830,276
830,277
830,278
830,279
831,280
831,281
831,282
831,283
832,284
832,285
832,286
832,287
833,288
833,289
833,290
834,291
834,292
834,293
835,294
835,295
835,296
836,297
836,298
836,299
836,300
836,1085
837,301
837,302
837,303
837,304
837,305
838,306
838,307
838,308
838,309
838,310
839,646
839,647
839,648
840,649
840,650
840,651
841,652
841,653
841,654
842,655
842,656
842,657
843,658
843,659
843,660
844,661
844,662
844,663
845,311
845,312
845,313
845,314
846,315
846,316
846,317
846,318
848,323
848,324
848,325
850,329
850,330
850,331
851,332
851,333
851,334
860,363
860,364
860,365
864,375
864,376
864,377
865,378
865,379
865,380
865,381
881,428
881,429
881,430
882,431
882,432
882,433
882,434
883,664
883,665
883,666
884,667
884,668
884,669
885,670
885,671
885,672
886,673
886,674
886,675
887,676
887,677
887,678
888,679
888,680
888,681
889,682
889,683
889,684
890,685
890,686
890,687
891,688
891,689
891,690
892,691
892,692
892,693
893,694
893,695
893,696
894,697
894,698
894,699
895,700
895,701
895,702
896,703
896,704
896,705
897,706
897,707
897,708
898,709
898,710
898,711
899,712
899,713
899,714
900,715
900,716
900,717
901,718
901,719
901,720
901,721
902,722
902,723
902,724
902,725
903,726
903,727
903,728
904,729
904,730
904,731
905,732
905,733
905,734
905,735
906,736
906,737
906,738
906,1128
907,739
907,740
907,741
907,742
908,743
908,744
908,955
908,956
909,745
909,746
909,747
909,1337
961,913
961,914
961,915
961,916
961,917
962,957
962,958
962,959
962,960
963,934
963,935
963,936
964,937
964,938
964,939
965,940
965,941
965,942
966,929
966,930
966,931
966,932
966,933
967,943
967,944
967,945
1059,971
1059,972
1059,973
1059,974
1059,975
1060,976
1060,977
1060,978
1060,979
1060,980
1061,981
1061,982
1061,983
1061,984
1061,985
1062,986
1062,987
1062,988
1062,989
1062,990
1063,991
1063,992
1063,993
1063,994
1063,995
1064,996
1064,997
1064,998
1064,999
1064,1000
1065,1001
1065,1002
1065,1003
1065,1004
1065,1005
1066,1006
1066,1007
1066,1008
1066,1009
1066,1010
1067,1011
1067,1012
1067,1013
1067,1014
1067,1015
1068,1016
1068,1017
1068,1018
1068,1019
1068,1020
1069,1021
1069,1022
1069,1023
1069,1024
1069,1025
1070,1026
1070,1027
1070,1028
1070,1029
1070,1030
1071,1031
1071,1032
1071,1033
1071,1034
1071,1035
1072,1036
1072,1037
1072,1038
1072,1039
1072,1040
1073,1041
1073,1042
1073,1043
1073,1044
1073,1045
1132,1086
1132,1087
1132,1088
1133,1125
1133,1126
1133,1127
1134,1089
1134,1090
1134,1091
1135,1092
1136,1093
1136,1094
1136,1095
1137,1096
1137,1097
1137,1098
1548,1179
1548,1180
1548,1181
1548,1182
1548,1183
1548,1184
1548,1185
1548,1186
1548,1187
1548,1188
1549,1189
1549,1190
1549,1191
1549,1192
1549,1193
1549,1194
1549,1195
1549,1196
1549,1197
1549,1198
1550,1199
1550,1200
1550,1201
1550,1202
1550,1203
1550,1204
1550,1205
1550,1206
1550,1207
1550,1208
1551,1209
1551,1210
1551,1211
1551,1212
1551,1213
1551,1214
1551,1215
1551,1216
1551,1217
1551,1218
1552,1219
1552,1220
1552,1221
1552,1222
1552,1223
1552,1224
1552,1225
1552,1226
1553,1227
1553,1228
1553,1229
1553,1230
1553,1231
1553,1232
1553,1233
1553,1234
1553,1235
1553,1236
1554,1237
1554,1238
1554,1239
1554,1240
1554,1241
1554,1242
1554,1243
1554,1244
1554,1245
1554,1246
1555,1297
1555,1298
1555,1299
1555,1300
1555,1301
1556,1302
1556,1303
1556,1304
1556,1305
1557,1306
1557,1307
1557,1308
1557,1309
1557,1310
1557,1311
1557,1312
1557,1313
1557,1314
1557,1315
1569,1140
1569,1141
1569,1142
1569,1143
1569,1144
1569,1145
1569,1146
1570,1147
1570,1148
1570,1149
1570,1150
1570,1151
1570,1152
1570,1153
1570,1154
1571,1155
1571,1156
1571,1157
1571,1158
1572,1159
1572,1160
1572,1161
1572,1162
1573,1163
1573,1164
1573,1165
1573,1166
1574,1167
1574,1168
1574,1169
1574,1170
1575,1171
1575,1172
1575,1173
1575,1174
1576,1175
1576,3221
1576,3222
1576,3223
1576,3224
1576,3225
1576,3226
1582,1176
1582,1177
1582,1178
1595,1333
1595,1334
1595,1335
1595,1336
1596,1452
1596,1453
1596,1454
1596,1455
1597,1456
1597,1457
1597,1458
1597,1459
1598,1460
1598,1461
1598,1462
1598,1463
1599,1464
1599,1465
1599,1466
1599,1467
1600,1468
1600,1469
1600,1470
1600,1471
1601,1472
1601,1473
1601,1474
1601,1475
1602,1476
1602,1477
1602,1478
1602,1479
1603,1480
1603,1481
1603,1482
1603,1483
1604,1484
1604,1485
1604,1486
1604,1487
1605,1488
1605,1489
1605,1490
1605,1491
1606,1492
1606,1493
1606,1494
1606,1495
1607,1496
1607,1497
1607,1498
1607,1499
1608,1500
1608,1501
1608,1502
1608,1503
1609,1504
1609,1505
1609,1506
1609,1507
1610,1508
1610,1509
1610,1510
1611,1511
1611,1512
1611,1513
1611,1514
1612,1515
1612,1516
1612,1517
1612,1518
1613,1519
1613,1520
1613,1521
1614,1522
1614,1523
1614,1524
1614,1525
1615,1526
1615,1527
1615,1528
1615,1529
1616,1530
1616,1531
1616,1532
1616,1533
1617,1534
1617,1535
1617,1536
1617,1537
1618,1538
1618,1539
1618,1540
1619,1541
1619,1542
1619,1543
1620,1544
1620,1545
1620,1546
1620,1547
2252,1640
2252,1641
2252,1642
2253,1643
2253,1644
2253,1645
2254,1646
2254,1647
2254,3479
2255,1648
2255,1649
2255,3480
2256,1650
2256,3481
2256,3482
2257,1651
2257,3483
2257,3484
2258,1652
2258,1653
2258,1654
2259,1655
2259,1656
2259,1657
2260,1658
2260,1659
2261,1660
2261,1661
2261,1662
2262,1663
2262,1664
2262,1665
2263,1666
2263,1667
2264,1668
2264,1669
2264,1670
2265,1671
2265,1672
2265,1673
2266,1674
2266,1675
2266,1676
2267,1677
2268,1678
2268,1679
2268,1680
2269,1681
2269,1682
2269,3485
2270,1683
2270,1684
2270,1685
2271,1686
2271,1687
2271,1688
2272,1689
2272,1690
2272,1691
2273,1692
2273,1693
2273,1694
2274,1695
2274,1696
2274,1697
2275,1698
2275,1699
2275,1700
2276,1701
2276,1702
2276,1703
2277,1704
2277,1705
2277,1706
2278,1707
2278,1708
2278,1709
2279,1710
2279,1711
2279,3488
2280,1712
2280,1713
2280,3489
2281,1714
2281,1715
2281,1716
2282,1717
2282,1718
2282,1719
2283,1720
2283,1721
2283,3490
2284,1722
2285,1723
2285,3492
2286,1724
2287,1725
2287,1726
2287,3493
2288,1727
2288,1728
2288,1729
2289,1730
2289,1731
2289,1732
2290,1733
2290,1734
2290,1735
2291,1736
2291,1737
2291,1738
2292,1739
2292,1740
2292,1741
2293,1742
2293,1743
2293,1744
2294,1745
2294,1746
2294,1747
2295,1748
2295,1749
2295,1750
2296,1751
2297,1752
2298,1753
2298,1754
2298,1755
2299,1756
2299,1757
2299,1758
2300,1759
2300,1760
2300,1761
2301,1762
2301,1763
2301,1764
2302,1765
2302,1766
2302,1767
2302,1768
2303,1769
2303,1770
2303,1771
2304,1772
2304,1773
2304,1774
2304,1775
2305,1776
2305,1777
2305,1778
2305,1779
2305,1780
2306,1781
2306,1782
2306,1783
2306,1784
2307,1785
2307,1786
2307,1787
2307,1788
2307,1789
2308,1790
2308,1791
2308,1792
2308,1793
2308,1794
2309,1795
2309,1796
2309,1797
2309,1798
2310,1799
2310,1800
2310,1801
2310,1802
2311,1803
2311,1804
2311,1805
2311,1806
2312,1807
2312,1808
2312,1809
2312,1810
2312,1811
2313,1812
2313,1813
2313,1814
2313,1815
2314,1816
2314,1817
2314,1818
2314,1819
2315,1820
2316,1821
2316,1822
2316,1823
2316,1824
2317,1825
2317,1826
2317,1827
2317,1828
2317,1829
2318,1830
2318,1831
2318,1832
2318,1833
2319,1834
2319,1835
2319,1836
2319,1837
2320,1838
2320,1839
2320,1840
2320,1841
2321,1842
2321,1843
2321,1844
2321,1845
2322,1846
2322,1847
2322,1848
2322,1849
2322,1850
2323,1851
2323,1852
2323,1853
2323,1854
2323,1855
2324,1856
2324,1857
2324,1858
2324,1859
2325,1860
2325,1861
2325,1862
2325,1863
2325,1864
2325,1865
2326,1866
2326,1867
2326,1868
2326,1869
2326,1870
2326,1871
2327,1872
2327,1873
2327,1874
2327,1875
2327,1876
2327,1877
2328,1878
2328,1879
2328,1880
2328,1881
2328,1882
2328,1883
2329,1884
2329,1885
2329,1886
2329,1887
2329,1888
2329,1889
2330,1890
2330,1891
2330,1892
2330,1893
2330,1894
2330,1895
2331,1896
2331,1897
2331,1898
2332,1899
2332,1900
2332,1901
2332,1902
2333,1903
2333,1904
2333,1905
2333,1906
2333,1907
2334,1908
2334,1909
2334,1910
2334,1911
2335,1912
2335,1913
2335,1914
2335,1915
2336,1916
2336,1917
2336,1918
2336,1919
2337,1920
2337,1921
2337,1922
2337,1923
2337,1924
2338,1925
2338,1926
2338,1927
2338,1928
2339,1929
2339,1930
2339,1931
2339,1932
2340,1933
2340,1934
2340,1935
2340,1936
2341,1937
2341,1938
2341,1939
2341,1940
2342,1941
2342,1942
2342,1943
2342,1944
2343,1945
2343,1946
2343,1947
2343,1948
2343,1949
2343,1950
2344,1951
2344,1952
2344,1953
2344,1954
2344,1955
2344,1956
2345,1957
2345,1958
2345,1959
2345,1960
2345,1961
2345,1962
2346,1963
2346,1964
2346,1965
2346,1966
2346,1967
2346,1968
2347,1969
2347,1970
2347,1971
2347,1972
2347,1973
2348,1974
2348,1975
2348,1976
2348,1977
2349,1978
2349,1979
2349,1980
2349,1981
2350,1982
2350,1983
2350,1984
2351,1985
2351,1986
2351,1987
2352,1988
2352,1989
2352,1990
2353,1991
2353,1992
2353,1993
2353,1994
2354,1995
2354,1996
2354,1997
2355,1998
2355,1999
2355,2000
2356,2001
2356,2002
2356,2003
2356,2004
2357,2005
2357,2006
2357,2007
2357,2008
2358,2009
2358,2010
2358,2011
2358,2012
2359,2013
2359,2014
2359,2015
2360,2016
2360,2017
2360,2018
2360,2019
2361,2020
2361,2021
2361,2022
2361,2023
2362,2024
2362,2025
2362,2026
2362,2027
2363,2028
2363,2029
2363,2030
2363,2031
2364,2032
2364,2033
2364,2034
2365,2035
2365,2036
2365,2037
2365,2038
2366,2039
2366,2040
2366,2041
2366,2042
2367,2043
2367,2044
2367,2045
2367,2046
2368,2047
2368,2048
2368,2049
2369,2050
2369,2051
2369,2052
2370,2053
2370,2054
2370,2055
2370,2056
2371,2057
2371,2058
2371,2059
2371,2060
2372,2061
2372,2062
2372,2063
2372,2064
2373,2065
2373,2066
2373,2067
2373,2068
2374,2069
2374,2070
2374,2071
2374,2072
2375,2073
2375,2074
2375,2075
2375,2076
2376,2077
2376,2078
2376,2079
2376,2080
2377,2081
2377,2082
2377,2083
2377,2084
2378,2085
2378,2086
2378,2087
2378,2088
2379,2089
2379,2090
2379,2091
2380,2092
2380,2093
2380,2094
2380,2095
2381,2096
2381,2097
2381,2098
2381,2099
2382,2100
2382,2101
2382,2102
2382,2103
2383,2104
2383,2105
2383,2106
2383,2107
2384,2108
2384,2109
2384,2110
2384,2111
2385,2112
2385,2113
2385,2114
2386,2115
2386,2116
2386,2117
2386,2118
2387,2119
2387,2120
2387,2121
2388,2122
2388,2123
2388,2124
2389,2125
2389,2126
2389,2127
2390,2128
2390,2129
2390,2130
2390,2131
2391,2132
2391,2133
2391,2134
2391,2135
2392,2136
2392,2137
2392,2138
2392,2139
2393,2140
2393,2141
2393,2142
2393,2143
2394,2144
2394,2145
2394,2146
2395,2147
2395,2148
2395,2149
2395,2150
2396,2151
2396,2152
2396,2153
2396,2154
2397,2155
2397,2156
2397,2157
2397,2158
2398,2159
2398,2160
2398,2161
2399,2162
2399,2163
2399,2164
2399,2165
2400,2166
2400,2167
2400,2168
2401,2169
2401,2170
2401,2171
2401,2172
2402,2173
2402,2174
2402,2175
2402,2176
2403,2177
2403,2178
2403,2179
2404,2180
2404,2181
2404,2182
2404,2183
2405,2184
2405,2185
2405,2186
2405,2187
2406,2188
2406,2189
2406,2190
2407,2191
2407,2192
2407,2193
2407,2194
2408,2195
2408,2196
2408,2197
2409,2198
2409,2199
2409,2200
2410,2201
2410,2202
2410,2203
2410,2204
2411,2205
2411,2206
2411,2207
2411,2208
2412,2209
2412,2210
2412,2211
2412,2212
2413,2213
2413,2214
2413,2215
2413,2216
2414,2217
2414,2218
2414,2219
2414,2220
2415,2221
2415,2222
2415,2223
2415,2224
2416,2225
2416,2226
2416,2227
2416,2228
2417,2229
2417,2230
2417,2231
2417,2232
2418,2233
2418,2234
2418,2235
2418,2236
2419,2237
2419,2238
2419,2239
2419,2240
2420,2241
2420,2242
2420,2243
2420,2244
2421,2245
2421,2246
2421,2247
2422,2248
2422,2249
2422,2250
2422,2251
2870,2673
2870,2674
2870,2675
2870,2676
2871,2677
2871,2678
2871,2679
2871,2680
2872,2681
2872,2682
2872,2683
2872,2684
2873,2685
2873,2686
2873,2687
2873,2688
2873,2689
2873,2690
2874,2691
2874,2692
2874,2693
2874,2694
2875,2695
2875,2696
2875,2697
2875,2698
2876,2699
2876,2700
2876,2701
2876,2702
2876,2703
2876,2704
2877,2705
2878,2455
2878,2456
2878,2457
2879,2458
2879,2459
2879,3475
2880,2460
2880,2461
2880,2462
2881,2463
2881,2464
2881,2465
2882,2466
2882,2467
2883,2468
2883,2469
2883,3486
2884,2470
2884,2471
2884,2472
2885,2473
2885,2474
2885,2475
2886,2476
2886,2477
2886,3491
2887,2478
2887,2479
2887,2480
2888,2481
2889,2482
2889,2483
2889,2484
2890,2485
2890,2486
2890,2487
2891,2488
2891,2489
2891,2490
2892,2706
2892,2707
2892,2708
2892,2709
2893,2710
2893,2711
2893,2712
2893,2713
2894,2426
2894,2427
2894,2428
2894,2429
2894,2430
2894,2431
2894,2432
2895,2491
2895,2492
2895,2493
2895,2494
2896,2495
2896,2496
2896,2497
2896,2498
2897,2499
2897,2500
2897,2501
2897,2502
2898,2503
2898,2504
2898,2505
2898,2506
2899,2507
2899,2508
2899,2509
2899,2510
2900,2511
2900,2512
2900,2513
2900,2514
2901,2515
2901,2516
2901,2517
2901,2518
2902,2519
2902,2520
2902,2521
2902,2522
2903,2523
2903,2524
2903,2525
2903,2526
2904,2527
2904,2528
2904,2529
2904,2530
2905,2531
2905,2532
2905,2533
2905,2534
2906,2535
2906,2536
2906,2537
2906,2538
2907,2539
2907,2540
2907,2541
2907,2542
2908,2543
2908,2544
2908,2545
2908,2546
2909,2547
2909,2548
2909,2549
2909,2550
2910,2551
2910,2552
2910,2553
2910,2554
2911,2555
2911,2556
2911,2557
2911,2558
2912,2559
2912,2560
2912,2561
2912,2562
2913,2563
2913,2564
2913,2565
2913,2566
2914,2567
2914,2568
2914,2569
2914,2570
2915,2571
2915,2572
2915,2573
2915,2574
2916,2575
2916,2576
2917,2577
2917,2578
2918,2579
2918,2580
2919,2581
2919,2582
2920,2583
2920,2584
2921,2585
2921,2586
2922,2587
2922,2588
2923,2589
2923,2590
2924,2591
2924,2592
2925,2593
2925,2594
2926,2595
2926,2596
2927,2597
2927,2598
2928,2599
2928,2600
2929,2601
2929,2602
2930,2603
2930,2604
2931,2605
2931,2606
2932,2607
2932,2608
2933,2609
2933,2610
2934,2611
2934,2612
2935,2613
2935,2614
2936,2436
2936,2437
2936,2438
2937,2439
2937,2440
2937,2441
2940,2615
2940,2616
2940,2617
2940,2618
2940,2619
2941,2620
2941,2621
2941,2622
2941,2623
2941,2624
2942,2625
2942,2626
2942,2627
2942,2628
2942,2629
2943,2630
2943,2631
2943,2632
2943,2633
2943,2634
2944,2635
2944,2636
2944,2637
2944,2638
2944,2639
2945,2640
2945,2641
2945,2642
2945,2643
2945,2644
2946,2645
2946,2646
2946,2647
2946,2648
2946,2649
2947,2650
2947,2651
2947,2652
2947,2653
2947,2654
2948,2655
2948,2656
2948,2657
2948,2658
2948,2659
2949,2660
2949,2661
2949,2662
2949,2663
2949,2664
2950,2714
2950,2715
2950,2716
2950,2717
2950,2718
2950,2719
2950,2720
2951,2721
2951,2722
2951,2723
2951,2724
2951,2725
2951,2726
2951,2727
2952,2728
2952,2729
2952,2730
2952,2731
2952,2732
2952,2733
2952,2734
2953,2735
2953,2736
2953,2737
2953,2738
2953,2739
2953,2740
2953,2741
2954,2742
2954,2743
2954,2744
2954,2745
2954,2746
2954,2747
2954,2748
2955,2665
2955,2666
2955,2667
2955,2668
2956,2669
2956,2670
2956,2671
2956,2672
2957,2749
2957,2750
2957,2751
2957,2752
2957,2753
2957,2754
2957,2755
2958,2756
2958,2757
2958,2758
2958,2759
2958,2760
2958,2761
2958,2762
2959,2763
2959,2764
2959,2765
2959,2766
2959,2767
2959,2768
2959,2769
2960,2770
2960,2771
2960,2772
2960,2773
2960,2774
2960,2775
2960,2776
2961,2777
2961,2778
2961,2779
2961,2780
2961,2781
2961,2782
2961,2783
2962,2784
2962,2785
2962,2786
2962,2787
2962,2788
2962,2789
2962,2790
2963,2791
2963,2792
2963,2793
2963,2794
2963,2795
2963,2796
2963,2797
2964,2798
2964,2799
2964,2800
2964,2801
2964,2802
2964,2803
2964,2804
2965,2805
2965,2806
2965,2807
2965,2808
2965,2809
2965,2810
2965,2811
2966,2812
2966,2813
2966,2814
2966,2815
2966,2816
2966,2817
2966,2818
4024,3476
4024,3477
4024,3478
4025,3487
4026,3279
4026,3280
4026,3281
4026,3282
4026,3283
4026,3284
4026,3285
4026,3286
4026,3287
4026,3288
4027,3289
4027,3290
4027,3291
4027,3292
4027,3293
4027,3294
4027,3295
4027,3296
4027,3297
4027,3298
4028,1247
4028,1248
4028,1249
4028,1250
4028,1251
4028,1252
4028,1253
4028,1254
4028,1255
4028,1256
4029,1257
4029,1258
4029,1259
4029,1260
4029,1261
4029,1262
4029,1263
4029,1264
4029,1265
4029,1266
4030,1267
4030,1268
4030,1269
4030,1270
4030,1271
4030,1272
4030,1273
4030,1274
4030,1275
4030,1276
4031,1277
4031,1278
4031,1279
4031,1280
4031,1281
4031,1282
4031,1283
4031,1284
4031,1285
4031,1286
4032,1287
4032,1288
4032,1289
4032,1290
4032,1291
4032,1292
4032,1293
4032,1294
4032,1295
4032,1296
4033,2972
4033,2973
4033,2974
4033,2975
4033,2976
4033,2977
4033,2978
4034,3525
4034,3526
4034,3527
4034,3528
4035,3529
4035,3530
4035,3531
4035,3532
4035,3533
4036,2979
4036,2980
4036,2981
4037,3822
4037,3823
4037,3824
4037,3825
4037,3826
4038,3827
4038,3828
4038,3829
4038,3830
4039,3831
4039,3832
4039,3833
4039,3834
4040,3835
4040,3836
4040,3837
4040,3838
4041,3839
4041,3840
4041,3841
4041,3842
4042,3843
4042,3844
4042,3845
4042,3846
4043,3847
4043,3848
4043,3849
4043,3850
4044,3851
4044,3852
4044,3853
4044,3854
4045,3855
4045,3856
4045,3857
4045,3858
4046,3859
4046,3860
4046,3861
4046,3862
4047,2982
4047,2983
4047,2984
4047,2985
4047,2986
4047,2987
4047,2988
4047,3255
4047,3256
4047,3257
4048,2989
4048,2990
4048,2991
4048,2992
4048,2993
4048,2994
4048,2995
4048,2996
4049,2433
4049,2434
4049,2435
4050,2997
4050,2998
4050,2999
4050,3000
4050,3001
4050,3002
4050,3003
4051,3004
4051,3005
4051,3006
4051,3007
4051,3008
4051,3009
4051,3010
4051,3258
4051,3259
4051,3260
4052,3011
4052,3012
4052,3013
4052,3014
4052,3015
4052,3016
4052,3017
4052,3261
4052,3262
4052,3263
4053,3018
4053,3019
4053,3020
4053,3021
4053,3022
4053,3023
4053,3024
4054,3025
4054,3026
4054,3027
4054,3028
4054,3029
4055,3030
4055,3031
4055,3032
4055,3033
4055,3034
4055,3035
4055,3036
4056,3037
4056,3038
4056,3039
4056,3040
4056,3041
4057,3042
4057,3043
4057,3044
4057,3045
4057,3046
4057,3047
4057,3048
4057,3264
4057,3265
4057,3266
4058,3049
4058,3050
4058,3051
4058,3052
4058,3053
4058,3054
4058,3055
4058,3267
4058,3268
4058,3269
4059,3056
4059,3057
4059,3058
4059,3059
4059,3060
4059,3061
4059,3062
4060,3063
4060,3064
4060,3065
4060,3066
4060,3067
4060,3068
4060,3069
4060,3270
4060,3271
4060,3272
4061,3070
4061,3071
4061,3072
4061,3073
4061,3074
4062,3075
4062,3076
4062,3077
4062,3078
4062,3079
4063,3080
4063,3081
4063,3082
4063,3083
4063,3084
4064,3085
4064,3086
4064,3087
4064,3088
4064,3089
4065,3090
4065,3091
4065,3092
4065,3093
4065,3094
4065,3095
4065,3096
4065,3273
4065,3274
4065,3275
4066,3097
4066,3098
4066,3099
4066,3100
4066,3101
4067,3102
4067,3103
4067,3104
4067,3105
4067,3106
4067,3107
4067,3108
4068,3109
4068,3110
4068,3111
4068,3112
4068,3113
4069,3114
4069,3115
4069,3116
4069,3117
4069,3118
4069,3119
4069,3120
4070,3121
4070,3122
4070,3123
4070,3124
4070,3125
4071,3126
4071,3127
4071,3128
4071,3129
4071,3130
4071,3131
4071,3132
4072,3133
4072,3134
4072,3135
4072,3136
4072,3137
4073,3138
4073,3139
4073,3140
4073,3141
4073,3142
4073,3143
4073,3144
4075,3152
4075,3153
4075,3154
4075,3155
4075,3156
4075,3157
4075,3158
4076,3159
4076,3160
4076,3161
4076,3162
4076,3163
4077,3164
4077,3165
4077,3166
4077,3167
4077,3168
4077,3169
4077,3170
4078,3171
4078,3172
4078,3173
4078,3174
4078,3175
4078,3176
4078,3177
4078,3276
4078,3277
4078,3278
4079,3178
4079,3179
4079,3180
4079,3181
4079,3182
4080,3183
4080,3184
4080,3185
4080,3186
4080,3187
4081,3188
4081,3189
4081,3190
4081,3191
4081,3192
4081,3193
4081,3194
4082,3195
4082,3196
4082,3197
4082,3198
4082,3199
4082,3200
4082,3201
4083,3202
4083,3203
4083,3204
4083,3205
4083,3206
4083,3207
4083,3208
4084,3209
4084,3210
4084,3211
4084,3212
4084,3213
4085,3214
4085,3215
4085,3216
4085,3217
4085,3218
4085,3219
4085,3220
4086,3227
4086,3228
4086,3229
4086,3230
4086,3231
4086,3232
4086,3233
4087,3234
4087,3235
4087,3236
4087,3237
4087,3238
4087,3239
4087,3240
4088,3863
4088,3864
4088,3865
4088,3866
4088,3867
4089,3868
4089,3869
4089,3870
4089,3871
4089,3872
4090,3873
4090,3874
4090,3875
4090,3876
4090,3877
4091,3878
4091,3879
4091,3880
4091,3881
4091,3882
4092,3883
4092,3884
4092,3885
4092,3886
4092,3887
4093,3888
4093,3889
4093,3890
4093,3891
4093,3892
4094,3893
4094,3894
4094,3895
4094,3896
4094,3897
4095,3898
4095,3899
4095,3900
4095,3901
4095,3902
4096,3903
4096,3904
4096,3905
4096,3906
4096,3907
4097,3908
4097,3909
4097,3910
4097,3911
4097,3912
4098,3913
4098,3914
4098,3915
4098,3916
4098,3917
4099,3918
4099,3919
4099,3920
4099,3921
4099,3922
4100,3923
4100,3924
4100,3925
4100,3926
4100,3927
4101,3928
4101,3929
4101,3930
4101,3931
4101,3932
4102,3933
4102,3934
4102,3935
4102,3936
4102,3937
4103,3938
4103,3939
4103,3940
4103,3941
4103,3942
4104,3943
4104,3944
4104,3945
4104,3946
4104,3947
4105,3948
4105,3949
4105,3950
4105,3951
4105,3952
4106,3953
4106,3954
4106,3955
4106,3956
4106,3957
4107,3958
4107,3959
4107,3960
4107,3961
4107,3962
4108,3963
4108,3964
4108,3965
4108,3966
4108,3967
4109,3968
4109,3969
4109,3970
4109,3971
4109,3972
4110,3973
4110,3974
4110,3975
4110,3976
4110,3977
4111,3978
4111,3979
4111,3980
4111,3981
4111,3982
4112,3983
4112,3984
4112,3985
4112,3986
4112,3987
4113,3988
4113,3989
4113,3990
4113,3991
4113,3992
4114,3993
4114,3994
4114,3995
4114,3996
4114,3997
4115,3998
4115,3999
4115,4000
4115,4001
4115,4002
4116,3578
4116,3579
4116,3580
4116,3581
4116,3582
4116,3583
4116,3584
4116,3585
4116,3586
4117,3587
4117,3588
4117,3589
4117,3590
4117,3591
4117,3592
4117,3593
4117,3594
4117,3595
4118,3596
4118,3597
4118,3598
4118,3599
4118,3600
4118,3601
4118,3602
4118,3603
4118,3604
4119,3605
4119,3606
4119,3607
4119,3608
4119,3609
4119,3610
4119,3611
4119,3612
4119,3613
4120,3614
4120,3615
4120,3616
4120,3617
4120,3618
4120,3619
4120,3620
4120,3621
4120,3622
4121,3623
4121,3624
4121,3625
4121,3626
4121,3627
4121,3628
4121,3629
4121,3630
4121,3631
4122,3632
4122,3633
4122,3634
4122,3635
4122,3636
4122,3637
4122,3638
4122,3639
4122,3640
4123,3641
4123,3642
4123,3643
4123,3644
4123,3645
4123,3646
4123,3647
4123,3648
4123,3649
4124,3650
4124,3651
4124,3652
4124,3653
4124,3654
4124,3655
4124,3656
4124,3657
4124,3658
4125,3659
4125,3660
4125,3661
4125,3662
4125,3663
4125,3664
4125,3665
4126,3666
4126,3667
4126,3668
4126,3669
4126,3670
4127,3671
4127,3672
4127,3673
4127,3674
4127,3675
4127,3676
4128,3677
4128,3678
4128,3679
4128,3680
4128,3681
4129,3534
4129,3535
4129,3536
4130,3682
4130,3683
4130,3684
4130,3685
4130,3686
4131,3494
4132,3495
4132,3496
4132,3497
4133,3498
4133,3499
4133,3500
4134,3501
4134,3502
4135,3503
4135,3504
4136,3505
4136,3506
4137,3507
4137,3508
4138,3509
4138,3510
4138,3511
4139,3512
4139,3513
4140,3514
4140,3515
4141,3537
4141,3538
4141,3539
4142,3241
4142,3242
4142,3243
4142,3244
4142,3245
4142,3246
4142,3247
4143,3248
4143,3249
4143,3250
4143,3251
4143,3252
4143,3253
4143,3254
4144,3540
4144,3541
4144,3542
4145,3516
4145,3517
4145,3518
4145,3519
4146,3520
4146,3521
4146,3522
4146,3523
4147,3524
4148,3552
4148,3553
4148,3554
4149,3687
4149,3688
4149,3689
4149,3690
4149,3691
4149,3692
4150,3693
4150,3694
4150,3695
4150,3696
4151,3697
4151,3698
4151,3699
4151,3700
4151,3701
4151,3702
4152,3703
4152,3704
4152,3705
4152,3706
4152,3707
4152,3708
4153,3709
4153,3710
4153,3711
4153,3712
